FID,COUNTRY,ISO,COUNTRYAFF,AFF_ISO,x,y
"1",Afghanistan,AF,Afghanistan,AF,66.0264707816,33.8388056322
"2",Albania,AL,Albania,AL,20.0683841682,41.1422860665
"3",Algeria,DZ,Algeria,DZ,2.6323884832,28.1632395359
"4",American Samoa,AS,United States,US,-170.7078343182,-14.3044046957
"5",Andorra,AD,Andorra,AD,1.5767659523,42.5486545189
"6",Angola,AO,Angola,AO,17.5446759871,-12.2952859045
"7",Anguilla,AI,United Kingdom,GB,-63.0600834377,18.2228740042
"8",Antarctica,AQ, , ,22.6552844020,-79.8713640022
"9",Antigua and Barbuda,AG,Antigua and Barbuda,AG,-61.7912369413,17.2798210628
"10",Argentina,AR,Argentina,AR,-65.1677275889,-35.3764378900
"11",Armenia,AM,Armenia,AM,44.9475103930,40.2870287917
"12",Aruba,AW,Netherlands,NL,-69.9756401428,12.5156257230
"13",Australia,AU,Australia,AU,134.4895627664,-25.7349687864
"14",Austria,AT,Austria,AT,14.1401911625,47.5929028612
"15",Azerbaijan,AZ,Azerbaijan,AZ,48.8191390605,40.2970636088
"16",Azores,PT,Portugal,PT,-27.3033060123,38.3324038398
"17",Bahamas,BS,Bahamas,BS,-76.5466199096,24.2011199305
"18",Bahrain,BH,Bahrain,BH,50.5596446283,26.0224059470
"19",Bangladesh,BD,Bangladesh,BD,90.2684987239,23.8432316369
"20",Barbados,BB,Barbados,BB,-59.5619547006,13.1787144830
"21",Belarus,BY,Belarus,BY,28.0467876469,53.5399977268
"22",Belgium,BE,Belgium,BE,4.6639872838,50.6428519008
"23",Belize,BZ,Belize,BZ,-88.6847670107,17.2176675096
"24",Benin,BJ,Benin,BJ,2.3431346183,9.6473189470
"25",Bermuda,BM,United Kingdom,GB,-64.7396070891,32.3160877587
"26",Bhutan,BT,Bhutan,BT,90.4294332285,27.4154144928
"27",Bolivia,BO,"Bolivia, Plurinational State of",BO,-64.6709319681,-16.7146101438
"28",Bonaire,BQ,Netherlands,NL,-68.2843094720,12.1876178389
"29",Bosnia and Herzegovina,BA,Bosnia and Herzegovina,BA,17.7865308756,44.1681154128
"30",Botswana,BW,Botswana,BW,23.8150277787,-22.1820033755
"31",Bouvet Island,BV,Norway,NO,3.4125213814,-54.4219067351
"32",Brazil,BR,Brazil,BR,-53.0898199683,-10.7731089893
"33",British Indian Ocean Territory,IO,United Kingdom,GB,72.4340301059,-7.3342680588
"34",British Virgin Islands,VG,United Kingdom,GB,-64.5304239149,18.4445889466
"35",Brunei Darussalam,BN,Brunei Darussalam,BN,114.7611007883,4.5214459458
"36",Bulgaria,BG,Bulgaria,BG,25.2315064051,42.7613767627
"37",Burkina Faso,BF,Burkina Faso,BF,-1.7401409175,12.2779293790
"38",Burundi,BI,Burundi,BI,29.8871459689,-3.3561743458
"39",Cabo Verde,CV,Cabo Verde,CV,-23.9677866540,15.9789667182
"40",Cambodia,KH,Cambodia,KH,104.9239819516,12.7164317849
"41",Cameroon,CM,Cameroon,CM,12.7435941169,5.6859522856
"42",Canada,CA,Canada,CA,-98.2653306695,61.3920167039
"43",Canarias,ES,Spain,ES,-15.6740471958,28.3366251067
"44",Cayman Islands,KY,United Kingdom,GB,-81.2384495407,19.3086622716
"45",Central African Republic,CF,Central African Republic,CF,20.4829668789,6.5712321710
"46",Chad,TD,Chad,TD,18.6644790936,15.3611663206
"47",Chile,CL,Chile,CL,-71.3739793801,-37.8524888679
"48",China,CN,China,CN,103.8926804526,36.5203290332
"49",Christmas Island,CX,Australia,AU,105.7036999665,-10.4441166864
"50",Cocos Islands,CC,Australia,AU,96.8368876732,-12.1712494502
"51",Colombia,CO,Colombia,CO,-73.0733687777,3.9011550097
"52",Comoros,KM,Comoros,KM,43.6759219991,-11.8927558363
"53",Congo,CG,Congo,CG,15.2242939996,-0.8402318266
"54",Congo DRC,CD,"Congo, The Democratic Republic of the",CD,23.6550057054,-2.8762347450
"55",Cook Islands,CK,New Zealand,NZ,-158.9089139636,-20.9339945266
"56",Costa Rica,CR,Costa Rica,CR,-84.1879411758,9.9702028627
"57",Côte d'Ivoire,CI,Côte d'Ivoire,CI,-5.5556193544,7.6315331256
"58",Croatia,HR,Croatia,HR,16.4117799959,45.0511628729
"59",Cuba,CU,Cuba,CU,-79.0363520834,21.6211704507
"60",Curacao,CW,Netherlands,NL,-68.9675599395,12.1879266524
"61",Cyprus,CY,Cyprus,CY,33.2217604750,35.0458800578
"62",Czech Republic,CZ,Czechia,CZ,15.3384123037,49.7428591465
"63",Denmark,DK,Denmark,DK,10.0462972011,55.9633969330
"64",Djibouti,DJ,Djibouti,DJ,42.5777651284,11.7496763739
"65",Dominica,DM,Dominica,DM,-61.3557592922,15.4355985426
"66",Dominican Republic,DO,Dominican Republic,DO,-70.4846349761,18.8944467384
"67",Ecuador,EC,Ecuador,EC,-78.7670724572,-1.4274202508
"68",Egypt,EG,Egypt,EG,29.8719580007,26.4942541272
"69",El Salvador,SV,El Salvador,SV,-88.8665115357,13.7368968031
"70",Equatorial Guinea,GQ,Equatorial Guinea,GQ,10.3419837678,1.7123370860
"71",Eritrea,ER,Eritrea,ER,38.8514840174,15.3584939880
"72",Estonia,EE,Estonia,EE,25.5276164438,58.6741362843
"73",Eswatini,SZ,Eswatini,SZ,31.4975296480,-26.5626416316
"74",Ethiopia,ET,Ethiopia,ET,39.6160321371,8.6262192315
"75",Falkland Islands,FK,United Kingdom,GB,-59.3632994818,-51.7371166833
"76",Faroe Islands,FO,Denmark,DK,-6.8841089678,62.0310637966
"77",Fiji,FJ,Fiji,FJ,171.9836416428,-17.4535324089
"78",Finland,FI,Finland,FI,26.2663711923,64.5004227949
"79",France,FR,France,FR,2.5519549716,46.5645025608
"80",French Guiana,GF,France,FR,-53.2412236314,3.9246884189
"81",French Polynesia,PF,France,FR,-146.4185365029,-14.8549140646
"82",French Southern Territories,TF,France,FR,68.8619291993,-49.1917958970
"83",Gabon,GA,Gabon,GA,11.7972369849,-0.5909449370
"84",Gambia,GM,Gambia,GM,-15.3866408057,13.4526504555
"85",Georgia,GE,Georgia,GE,43.5174476399,42.1763115098
"86",Germany,DE,Germany,DE,10.3936461820,51.1065621176
"87",Ghana,GH,Ghana,GH,-1.2073012229,7.9598479305
"88",Gibraltar,GI,United Kingdom,GB,-5.3448931506,36.1382133882
"89",Glorioso Islands,TF,France,FR,47.2909480815,-11.5662248716
"90",Greece,GR,Greece,GR,22.9597444774,39.0685388809
"91",Greenland,GL,Denmark,DK,-41.3895013645,74.7209188399
"92",Grenada,GD,Grenada,GD,-61.6793793720,12.1129266563
"93",Guadeloupe,GP,France,FR,-61.5367473354,16.2034611388
"94",Guam,GU,United States,US,144.7755974509,13.4435653882
"95",Guatemala,GT,Guatemala,GT,-90.3562430098,15.7021333563
"96",Guernsey,GG,United Kingdom,GB,-2.5763925829,49.4587077138
"97",Guinea,GN,Guinea,GN,-10.9417727992,10.4382119920
"98",Guinea-Bissau,GW,Guinea-Bissau,GW,-14.9652169538,12.0303085210
"99",Guyana,GY,Guyana,GY,-58.9747811497,4.7920168232
"100",Haiti,HT,Haiti,HT,-72.6794600713,18.9416086340
"101",Heard Island and McDonald Islands,HM,Australia,AU,73.4983722775,-53.0913321722
"102",Honduras,HN,Honduras,HN,-86.6191445958,14.8192217129
"103",Hungary,HU,Hungary,HU,19.4134492336,47.1665023603
"104",Iceland,IS,Iceland,IS,-18.6054671183,64.9975885382
"105",India,IN,India,IN,79.6162014794,22.8834778897
"106",Indonesia,ID,Indonesia,ID,117.3004260854,-2.2302135812
"107",Iran,IR,"Iran, Islamic Republic of",IR,54.1977656760,32.7394632794
"108",Iraq,IQ,Iraq,IQ,43.7721347173,33.0480252053
"109",Ireland,IE,Ireland,IE,-8.1505808644,53.1763796915
"110",Isle of Man,IM,United Kingdom,GB,-4.5258508437,54.2290790182
"111",Israel,IL,Israel,IL,34.9658564955,31.3585295483
"112",Italy,IT,Italy,IT,12.0718204340,42.7960126447
"113",Jamaica,JM,Jamaica,JM,-77.3190125493,18.1514197278
"114",Japan,JP,Japan,JP,137.9907440848,37.5621605867
"115",Jersey,JE,United Kingdom,GB,-2.1286526700,49.2191149436
"116",Jordan,JO,Jordan,JO,36.7867296953,31.2533157983
"117",Juan De Nova Island,TF,France,FR,42.7437476109,-17.0644919363
"118",Kazakhstan,KZ,Kazakhstan,KZ,66.6578233326,48.0159851216
"119",Kenya,KE,Kenya,KE,37.8578818652,0.5298617471
"120",Kiribati,KI,Kiribati,KI,-154.4597289823,1.8345659541
"121",Kuwait,KW,Kuwait,KW,47.5908777304,29.3407923700
"122",Kyrgyzstan,KG,Kyrgyzstan,KG,74.5555965608,41.4650543223
"123",Laos,LA,Lao People's Democratic Republic,LA,103.7632905048,18.5027434313
"124",Latvia,LV,Latvia,LV,24.9294257450,56.8575350108
"125",Lebanon,LB,Lebanon,LB,35.8880265270,33.9202658194
"126",Lesotho,LS,Lesotho,LS,28.2430111945,-29.5809993038
"127",Liberia,LR,Liberia,LR,-9.3079135222,6.4480916437
"128",Libya,LY,Libya,LY,18.0232865105,27.0439543546
"129",Liechtenstein,LI,Liechtenstein,LI,9.5542699723,47.1518476288
"130",Lithuania,LT,Lithuania,LT,23.8981208468,55.3356706821
"131",Luxembourg,LU,Luxembourg,LU,6.0878137531,49.7706285154
"132",Madagascar,MG,Madagascar,MG,46.7060396625,-19.3733830664
"133",Madeira,PT,Portugal,PT,-16.9849167457,32.7479168317
"134",Malawi,MW,Malawi,MW,34.3072331660,-13.2158037874
"135",Malaysia,MY,Malaysia,MY,109.7081917336,3.7923675616
"136",Maldives,MV,Maldives,MV,73.2522476503,3.2162842667
"137",Mali,ML,Mali,ML,-3.5244224139,17.3502793658
"138",Malta,MT,Malta,MT,14.4419224425,35.8905226509
"139",Marshall Islands,MH,Marshall Islands,MH,168.6267630226,7.6435611882
"140",Martinique,MQ,France,FR,-61.0212878211,14.6525473278
"141",Mauritania,MR,Mauritania,MR,-10.3322980857,20.2598514662
"142",Mauritius,MU,Mauritius,MU,57.8707667669,-20.2518657275
"143",Mayotte,YT,France,FR,45.1387001112,-12.8187118903
"144",Mexico,MX,Mexico,MX,-102.5328864013,23.9504646280
"145",Micronesia,FM,"Micronesia, Federated States of",FM,159.4042232161,6.4923788943
"146",Moldova,MD,"Moldova, Republic of",MD,28.4739305163,47.1938708117
"147",Monaco,MC,Monaco,MC,7.4128208733,43.7479822500
"148",Mongolia,MN,Mongolia,MN,103.0832177634,46.8352908010
"149",Montenegro,ME,Montenegro,ME,19.2532388068,42.7913242671
"150",Montserrat,MS,United Kingdom,GB,-62.1869328126,16.7353633915
"151",Morocco,MA,Morocco,MA,-8.9380454028,29.1084658369
"152",Mozambique,MZ,Mozambique,MZ,35.5521766648,-17.2599101187
"153",Myanmar,MM,Myanmar,MM,96.5069209059,21.1543188572
"154",Namibia,NA,Namibia,NA,17.2182774145,-22.1332481218
"155",Nauru,NR,Nauru,NR,166.9293763314,-0.5221021441
"156",Nepal,NP,Nepal,NP,83.9385477219,28.2530075822
"157",Netherlands,NL,Netherlands,NL,5.6094676646,52.2441371566
"158",New Caledonia,NC,France,FR,165.7154911492,-21.3163373212
"159",New Zealand,NZ,New Zealand,NZ,171.7798995748,-41.8388738670
"160",Nicaragua,NI,Nicaragua,NI,-85.0347831599,12.8399062327
"161",Niger,NE,Niger,NE,9.3976479289,17.4261490721
"162",Nigeria,NG,Nigeria,NG,8.1053063998,9.5939601175
"163",Niue,NU,New Zealand,NZ,-169.8687810670,-19.0523092168
"164",Norfolk Island,NF,Australia,AU,167.9525959748,-29.0376544450
"165",North Korea,KP,"Korea, Democratic People's Republic of",KP,127.1819566515,40.1430630412
"166",North Macedonia,MK,North Macedonia,MK,21.6974763152,41.5996829206
"167",Northern Mariana Islands,MP,United States,US,145.6792176522,15.0885184403
"168",Norway,NO,Norway,NO,14.0848008359,64.4481698607
"169",Oman,OM,Oman,OM,56.1098396120,20.6022864373
"170",Pakistan,PK,Pakistan,PK,69.3859658283,29.9670222984
"171",Palau,PW,Palau,PW,134.5686859384,7.5018801603
"172",Palestinian Territory,PS,"Palestine, State of",PS,35.2041274626,31.9143217344
"173",Panama,PA,Panama,PA,-80.1026626954,8.5071872027
"174",Papua New Guinea,PG,Papua New Guinea,PG,145.2412173053,-6.4787668209
"175",Paraguay,PY,Paraguay,PY,-58.3910240928,-23.2362105363
"176",Peru,PE,Peru,PE,-74.3756275795,-9.1637606347
"177",Philippines,PH,Philippines,PH,122.8787084624,11.7418333137
"178",Pitcairn,PN,United Kingdom,GB,-128.5931472920,-24.4764970581
"179",Poland,PL,Poland,PL,19.4008840722,52.1246100569
"180",Portugal,PT,Portugal,PT,-7.9621874148,39.6919094994
"181",Puerto Rico,PR,United States,US,-66.4623402302,18.2213293591
"182",Qatar,QA,Qatar,QA,51.1912012417,25.3150788334
"183",Réunion,RE,France,FR,55.5381806497,-21.1216615325
"184",Romania,RO,Romania,RO,24.9692583306,45.8436146962
"185",Russian Federation,RU,Russian Federation,RU,96.5773254877,61.9462663817
"186",Rwanda,RW,Rwanda,RW,29.9176522235,-1.9978910133
"187",Saba,BQ,Netherlands,NL,-63.2375361567,17.6322304487
"188",Saint Barthelemy,BL,France,FR,-62.8292009723,17.9026671040
"189",Saint Eustatius,BQ,Netherlands,NL,-62.9781378299,17.4909049591
"190",Saint Helena,SH,United Kingdom,GB,-5.7171516828,-15.9615462463
"191",Saint Kitts and Nevis,KN,Saint Kitts and Nevis,KN,-62.7535172351,17.3261882112
"192",Saint Lucia,LC,Saint Lucia,LC,-60.9687130326,13.8978659675
"193",Saint Martin,MF,France,FR,-63.0587829709,18.0794610467
"194",Saint Pierre and Miquelon,PM,France,FR,-56.3061029546,46.9309184879
"195",Saint Vincent and the Grenadines,VC,Saint Vincent and the Grenadines,VC,-61.1937663544,13.2548081230
"196",Samoa,WS,Samoa,WS,-172.1594594645,-13.7583665257
"197",San Marino,SM,San Marino,SM,12.4609779666,43.9429451774
"198",Sao Tome and Principe,ST,São Tomé and Príncipe,ST,6.7365883419,0.4569859861
"199",Saudi Arabia,SA,Saudi Arabia,SA,44.5462458150,24.1230002451
"200",Senegal,SN,Senegal,SN,-14.4676527574,14.3669654175
"201",Serbia,RS,Serbia,RS,20.8054574559,44.0320458078
"202",Seychelles,SC,Seychelles,SC,52.2299337668,-6.3543508736
"203",Sierra Leone,SL,Sierra Leone,SL,-11.7919213661,8.5602846043
"204",Singapore,SG,Singapore,SG,103.8080512208,1.3516164325
"205",Sint Maarten,SX,Netherlands,NL,-63.0632842005,18.0379445280
"206",Slovakia,SK,Slovakia,SK,19.4916523363,48.7075305272
"207",Slovenia,SI,Slovenia,SI,14.8265383484,46.1235641628
"208",Solomon Islands,SB,Solomon Islands,SB,159.6343209718,-8.9182195391
"209",Somalia,SO,Somalia,SO,45.8625900282,6.0637232347
"210",South Africa,ZA,South Africa,ZA,25.1697271992,-29.0128009493
"211",South Georgia and South Sandwich Islands,GS,United Kingdom,GB,-36.3823750632,-54.4881445130
"212",South Korea,KR,"Korea, Republic of",KR,127.8347728019,36.3750897609
"213",South Sudan,SS,South Sudan,SS,30.3202413564,7.2786676774
"214",Spain,ES,Spain,ES,-3.4915580907,40.3830719422
"215",Sri Lanka,LK,Sri Lanka,LK,80.7047272716,7.6080856776
"216",Sudan,SD,Sudan,SD,29.9605222268,15.9996445255
"217",Suriname,SR,Suriname,SR,-55.9118265654,4.1263941494
"218",Svalbard,SJ,Norway,NO,18.3634666296,78.8286327772
"219",Sweden,SE,Sweden,SE,16.7397543660,62.7898967604
"220",Switzerland,CH,Switzerland,CH,8.2343930447,46.8024956751
"221",Syria,SY,Syrian Arab Republic,SY,38.5051310353,35.0131335218
"222",Tajikistan,TJ,Tajikistan,TJ,71.0420033618,38.5281778329
"223",Tanzania,TZ,"Tanzania, United Republic of",TZ,34.8234538712,-6.2703535705
"224",Thailand,TH,Thailand,TH,101.0173610956,15.1270357399
"225",Timor-Leste,TL,Timor-Leste,TL,125.8536708995,-8.8229786121
"226",Togo,TG,Togo,TG,0.9757210542,8.5349608609
"227",Tokelau,TK,New Zealand,NZ,-171.8526595072,-9.1951747673
"228",Tonga,TO,Tonga,TO,-174.8362743599,-20.4028949833
"229",Trinidad and Tobago,TT,Trinidad and Tobago,TT,-61.2531722271,10.4686445714
"230",Tunisia,TN,Tunisia,TN,9.5613359451,34.1108600064
"231",Turkiye,TR,Turkiye,TR,35.1796723429,39.0605958895
"232",Turkmenistan,TM,Turkmenistan,TM,58.3913144324,39.2187928696
"233",Turks and Caicos Islands,TC,United Kingdom,GB,-71.8129580522,21.8366875142
"234",Tuvalu,TV,Tuvalu,TV,178.5574003816,-7.8276687133
"235",Uganda,UG,Uganda,UG,32.3862179414,1.2799638499
"236",Ukraine,UA,Ukraine,UA,31.3871147891,49.0170882778
"237",United Arab Emirates,AE,United Arab Emirates,AE,54.3351554323,23.9109331056
"238",United Kingdom,GB,United Kingdom,GB,-2.8955839458,54.1553498176
"239",United States,US,United States,US,-112.4915099412,45.6955767613
"240",United States Minor Outlying Islands,UM,United States,US,-5.0780908336,15.9329706628
"241",Uruguay,UY,Uruguay,UY,-56.0123964168,-32.7996454637
"242",US Virgin Islands,VI,United States,US,-64.8070297737,17.9051018636
"243",Uzbekistan,UZ,Uzbekistan,UZ,63.1693723214,41.7504366266
"244",Vanuatu,VU,Vanuatu,VU,167.7181475463,-16.2550488234
"245",Vatican City,VA,Holy See (Vatican City State),VA,12.4513549631,41.9039879907
"246",Venezuela,VE,"Venezuela, Bolivarian Republic of",VE,-66.1695637795,7.1224487433
"247",Vietnam,VN,Viet Nam,VN,106.3014737119,16.6592574387
"248",Wallis and Futuna,WF,France,FR,-177.1507904918,-13.7874338336
"249",Yemen,YE,Yemen,YE,47.5999671603,15.9056185700
"250",Zambia,ZM,Zambia,ZM,27.7982496734,-13.4530181687
"251",Zimbabwe,ZW,Zimbabwe,ZW,29.8718377659,-19.0000978276
